Tweet Text;Tweet Datetime;Tweet Retweet Count;Tweet Favorite Count;Twitter @ name;Twitter User Location;URL in Bio;Users Current Following Count;Number of accounts user is following;Users Tweet Count;Tweet Language
"THE Snapshot Flag.

Photographed by Corey Olsen

August 21, 2020 in New York City.";2020-09-29 18:07:22+00:00;14;61;marcjacobs;NYC;https://t.co/QL97SX7SKI;8760395;1257;25604;en
"THE Snapshot Flag.

Photographed by¬†Corey Olsen

August 21, 2020 in New York City.";2020-09-29 15:28:11+00:00;12;78;marcjacobs;NYC;https://t.co/QL97SX7SKI;8760395;1257;25604;en
"Tianna wears THE J Link Quilted Velvet.

Photographed by Ava Nirui
Styled by Clare Byrne

September 3, 2020 in New York City.";2020-09-29 12:46:24+00:00;11;58;marcjacobs;NYC;https://t.co/QL97SX7SKI;8760395;1257;25604;en
"Tianna and Jane wear THE Teddy Small Traveler Tote. Shop now: https://t.co/4cPpnJ6v0J

Photographed by Ava Nirui
Styled by Clare Byrne

September 3, 2020 in New York City. https://t.co/5wZdTb2Tcy";2020-09-28 18:30:00+00:00;4;40;marcjacobs;NYC;https://t.co/QL97SX7SKI;8760395;1257;25604;en
"Tianna wears THE Teddy Small Traveler Tote.

Photographed by Ava Nirui
Styled by Clare Byrne

September 3, 2020 in New York City.";2020-09-28 17:06:52+00:00;8;61;marcjacobs;NYC;https://t.co/QL97SX7SKI;8760395;1257;25604;en
"Ayana Jackson‚Äôs ‚ÄúMartha‚Äù and ‚ÄúSentinel‚Äù from her Leapfrog series, 2016.

Via All Power: Visual Legacies of the Black Panther Party, 2016. Available now at BOOKMARC NEW YORK, 400 Bleecker Street, New York City. https://t.co/vbRaGQhdrM";2020-09-27 20:14:12+00:00;8;43;marcjacobs;NYC;https://t.co/QL97SX7SKI;8760395;1257;25604;en
"Our limited-edition collaboration with¬†Dr. Martens is now available.

Shop the 1460 vegan boot on https://t.co/lPefBl9Fnu and select Marc Jacobs stores.

Photographed by¬†Corey Olsen

September 1, 2020 in New York City.";2020-09-26 13:26:45+00:00;26;173;marcjacobs;NYC;https://t.co/QL97SX7SKI;8760395;1257;25604;en
"Introducing our limited-edition sweatshirt made in collaboration with Dover Street Market and When We All Vote. 100% of profits will be donated to When We All Vote, benefitting their efforts in this year‚Äôs and upcoming elections.

Available September 26 at Dover Street Market. https://t.co/H3wfWBUNG2";2020-09-25 18:37:54+00:00;9;75;marcjacobs;NYC;https://t.co/QL97SX7SKI;8760395;1257;25604;en
"HEAVEN is a place on earth üòá Moments from our drive-in screening of Gregg Araki‚Äôs Nowhere (1997).

Photographed by Megan Walschlager

September 23, 2020 in Brooklyn. https://t.co/1HbY688F2S";2020-09-25 13:30:00+00:00;8;85;marcjacobs;NYC;https://t.co/QL97SX7SKI;8760395;1257;25604;en
"HEAVEN is a place on earth üòá Moments from our drive-in screening of Gregg Araki‚Äôs Nowhere (1997).

Photographed by Megan Walschlager

September 23, 2020 in Brooklyn. https://t.co/algHC4EG7G";2020-09-25 12:41:54+00:00;10;79;marcjacobs;NYC;https://t.co/QL97SX7SKI;8760395;1257;25604;en
"HEAVEN sent üíå Moments from last night's drive-in screening of Gregg Araki‚Äôs Nowhere (1997).

Photographed by Megan Walschlager

September 23, 2020 in Brooklyn. https://t.co/fjsOf9t8WD";2020-09-25 02:30:00+00:00;0;38;marcjacobs;NYC;https://t.co/QL97SX7SKI;8760395;1257;25604;en
"HEAVEN sent üíå Moments from last night's drive-in screening of Gregg Araki‚Äôs Nowhere (1997).

Photographed by Megan Walschlager

September 23, 2020 in Brooklyn. https://t.co/fWbaaOWO84";2020-09-25 02:00:00+00:00;1;21;marcjacobs;NYC;https://t.co/QL97SX7SKI;8760395;1257;25604;en
"Last night in HEAVEN ‚≠ê Friends joined us for a drive-in screening of Nowhere (1997), a film by LA director Gregg Araki.

Graphics from his film Totally F***ed Up are featured throughout HEAVEN by MARC JACOBS.

Photographed by Phoenix Johnson

September 23, 2020 in Brooklyn. https://t.co/q7fXZNGtjd";2020-09-25 01:47:41+00:00;3;43;marcjacobs;NYC;https://t.co/QL97SX7SKI;8760395;1257;25604;en
"Last night in HEAVEN ‚≠ê Friends joined us for a drive-in screening of Nowhere (1997), a film by LA director Gregg Araki.

Graphics from his film Totally F***ed Up are featured throughout HEAVEN by MARC JACOBS.

Photographed by Phoenix Johnson

September 23, 2020 in Brooklyn. https://t.co/pd0DgkeAab";2020-09-25 01:37:24+00:00;5;47;marcjacobs;NYC;https://t.co/QL97SX7SKI;8760395;1257;25604;en
"Last night in HEAVEN ‚≠êÔ∏è Friends joined us for a drive-in screening of Nowhere (1997), a film by LA director Gregg Araki.

Graphics from his film Totally F***ed¬†Up¬†are featured throughout HEAVEN by MARC JACOBS.

Photographed by Phoenix Johnson

September 23, 2020 in Brooklyn. https://t.co/SxLY7y9jbg";2020-09-25 01:30:49+00:00;6;32;marcjacobs;NYC;https://t.co/QL97SX7SKI;8760395;1257;25604;en
"Richie wears THE J Link.

Photographed by Richie Shazam

August 6, 2020 in New Jersey.";2020-09-24 13:49:42+00:00;6;68;marcjacobs;NYC;https://t.co/QL97SX7SKI;8760395;1257;25604;en
"Julia wears THE Marc Jacobs.

Photographed by Richie Shazam

August 6, 2020 in New Jersey.";2020-09-23 18:13:23+00:00;8;78;marcjacobs;NYC;https://t.co/QL97SX7SKI;8760395;1257;25604;en
"Julia wears THE Marc Jacobs.

Photographed by Richie Shazam

August 6, 2020 in New Jersey. https://t.co/5Pp3PuTvcw";2020-09-23 13:19:47+00:00;5;78;marcjacobs;NYC;https://t.co/QL97SX7SKI;8760395;1257;25604;en
"Details from the handmade backpacks benefitting¬†Free Arts NYC.

Featuring¬†Feathery and Extra Credit.

Free Arts NYC is a mentorship program¬†empowering underserved youth to develop¬†creativity and confidence through art.

Place a bid now: https://t.co/8k0TMyHqM7 https://t.co/CX6fQzYTZx";2020-09-21 21:49:44+00:00;12;57;marcjacobs;NYC;https://t.co/QL97SX7SKI;8760395;1257;25604;en
"On auction now: Each one-of-a-kind backpack creature sold¬†will benefit the children who named them at Free Arts NYC.

Featuring¬†Shlunflower and Eight A.M.

Place a bid now: https://t.co/8k0TMyHqM7 https://t.co/edA5HociHC";2020-09-21 20:36:20+00:00;17;45;marcjacobs;NYC;https://t.co/QL97SX7SKI;8760395;1257;25604;en
"On auction now: Each one-of-a-kind backpack creature sold will benefit the children who named them at Free Arts NYC.

Featuring PomPom, Extra Credit and Scantron.

Free Arts is a mentorship program empowering underserved youth to develop creativity and confidence through art.";2020-09-21 19:34:24+00:00;18;84;marcjacobs;NYC;https://t.co/QL97SX7SKI;8760395;1257;25604;en
"Minnie wears THE J Link. Shop now: https://t.co/nipvjuftNf

Photographed by Ava Nirui
Styled by Clare Byrne

September 3, 2020 in New York City. https://t.co/Y2TJ1Hj7Pc";2020-09-21 13:03:14+00:00;3;35;marcjacobs;NYC;https://t.co/QL97SX7SKI;8760395;1257;25604;en
"THE J Link Quilted Velvet.

Photographed by¬†Corey Olsen

August 21, 2020 in New York City.";2020-09-20 21:00:00+00:00;9;51;marcjacobs;NYC;https://t.co/QL97SX7SKI;8760395;1257;25604;en
"Introducing THE J Link. Our take on the classic structured shoulder bag.

Photographed by¬†Corey Olsen

August 21, 2020 in New York City.";2020-09-20 15:03:58+00:00;11;107;marcjacobs;NYC;https://t.co/QL97SX7SKI;8760395;1257;25604;en
"Details from RUNWAY SPRING 2016 MARC JACOBS.

Charms are a recurrent theme throughout Marc Jacobs collections, and served as key inspiration for our limited-edition collaboration with Dr. Martens.

The vegan 1460 boot, coming soon. https://t.co/usHacZRgCv";2020-09-18 20:58:36+00:00;12;77;marcjacobs;NYC;https://t.co/QL97SX7SKI;8760395;1257;25604;en
"Introducing our limited-edition collaboration with Dr. Martens in celebration of their 60-year anniversary. This new vegan 1460 boot is inspired by a shared history dating back to 1993.

Coming soon.

Photographed by Corey Olsen

September 1, 2020 in New York City. https://t.co/Rf59HY5dkU";2020-09-18 16:22:11+00:00;54;367;marcjacobs;NYC;https://t.co/QL97SX7SKI;8760395;1257;25604;en
"Tianna wears THE Softshot 21. Shop now: https://t.co/BW8MRZ2jNc

Photographed by Ava Nirui
Styled by Clare Byrne

September 3, 2020 in New York City. https://t.co/oglmRhxxsD";2020-09-17 21:45:00+00:00;8;27;marcjacobs;NYC;https://t.co/QL97SX7SKI;8760395;1257;25604;en
"Tianna wears THE Softshot 17.

Photographed by Ava Nirui
Styled by Clare Byrne

September 3, 2020 in New York City.";2020-09-17 18:11:00+00:00;7;78;marcjacobs;NYC;https://t.co/QL97SX7SKI;8760395;1257;25604;en
"Tianna wears THE Softshot 17 and THE Softshot 21.

Photographed by Ava Nirui
Styled by Clare Byrne

September 3, 2020 in New York City.";2020-09-17 15:32:52+00:00;8;54;marcjacobs;NYC;https://t.co/QL97SX7SKI;8760395;1257;25604;en
"THE Small Traveler Tote.

Photographed by¬†Corey Olsen

August 19, 2020 in New York City.";2020-09-16 20:00:01+00:00;5;51;marcjacobs;NYC;https://t.co/QL97SX7SKI;8760395;1257;25604;en
"THE Hot Shot.

Photographed by¬†Corey Olsen

August 19, 2020 in New York City.";2020-09-16 17:02:58+00:00;6;63;marcjacobs;NYC;https://t.co/QL97SX7SKI;8760395;1257;25604;en
"THE Softshot 21 Leopard.

Photographed by¬†Corey Olsen

August 19, 2020 in New York City.";2020-09-16 13:00:47+00:00;11;80;marcjacobs;NYC;https://t.co/QL97SX7SKI;8760395;1257;25604;en
"CLIMAX BOOKS for HEAVEN by MARC JACOBS

This special selection of books, soundtracks, magazines and posters was curated by Isabella Burley and Climax Books for Heaven.

Available now at MARC JACOBS MADISON, 655 Madison Avenue, New York City. https://t.co/02aRQU0KiA";2020-09-15 18:32:33+00:00;5;31;marcjacobs;NYC;https://t.co/QL97SX7SKI;8760395;1257;25604;en
"Heaven sent¬†üíå¬†Kemio, Miles, Dominique and Eileen in the Heaven bedroom.

Watch live until midnight on https://t.co/bhJpSAyyc6 or at MARC JACOBS MADISON, 655 Madison Avenue, NYC. https://t.co/fmLAqQsODZ";2020-09-15 03:14:26+00:00;88;1840;marcjacobs;NYC;https://t.co/QL97SX7SKI;8760395;1257;25604;en
"Queen of Pentacles and our hearts ‚ô•Ô∏è Tarot card reading in Heaven with Kendra and Eileen.

Watch live until midnight on https://t.co/bhJpSAyyc6 or at MARC JACOBS MADISON, 655 Madison Avenue, NYC. https://t.co/1CzwTSLurB";2020-09-15 02:02:48+00:00;5;43;marcjacobs;NYC;https://t.co/QL97SX7SKI;8760395;1257;25604;en
"Eileen, Manon and Sabrina in Heaven üíï

Watch live until midnight on https://t.co/bhJpSAyyc6 or at MARC JACOBS MADISON, 655 Madison Avenue, NYC. https://t.co/tPOOGfw1Vt";2020-09-14 22:35:30+00:00;4;23;marcjacobs;NYC;https://t.co/QL97SX7SKI;8760395;1257;25604;en
"‚≠êÔ∏è 12 Hours in Heaven with Eileen Kelly ‚≠êÔ∏è

Now live on https://t.co/bhJpSAyyc6 and at MARC JACOBS MADISON, 655 Madison Avenue, NYC. https://t.co/aAOgyyOSYi";2020-09-14 17:12:59+00:00;6;48;marcjacobs;NYC;https://t.co/QL97SX7SKI;8760395;1257;25604;en
"üíò12 Hours in Heaven with Eileen Kellyüíò

Sex educator &amp; founder of Killer And A Sweet Thang Eileen Kelly enters our dystopian teenage daydream.

Watch live on¬†https://t.co/lPefBl9Fnu¬†or at MARC JACOBS MADISON, 655 Madison Avenue, NYC.

Monday, September 14

12:00PM-12:00AM EST https://t.co/5DDomcT5ID";2020-09-13 17:54:11+00:00;10;59;marcjacobs;NYC;https://t.co/QL97SX7SKI;8760395;1257;25604;en
"Chikara and Mind Infection, Manon and Iori wear HEAVEN by MARC JACOBS

Photographed by Shoichi Aoki of FRUiTS Magazine
Styled by Yosuke Shoji

May 16-18, 2020 in Tokyo, Japan. https://t.co/q8dxtSzvWd";2020-09-13 03:50:00+00:00;16;87;marcjacobs;NYC;https://t.co/QL97SX7SKI;8760395;1257;25604;en
"Shoichi Aoki wears HEAVEN by MARC JACOBS

Photographed by Shoichi Aoki of FRUiTS Magazine
Styled by Yosuke Shoji

May 16-18, 2020 in Tokyo, Japan. https://t.co/vxFSbucDNN";2020-09-13 03:40:00+00:00;11;54;marcjacobs;NYC;https://t.co/QL97SX7SKI;8760395;1257;25604;en
"Ohta, Kurebayashi and Hiromichi wear HEAVEN by MARC JACOBS

Photographed by Shoichi Aoki of FRUiTS Magazine
Styled by Yosuke Shoji

May 16-18, 2020 in Tokyo, Japan. https://t.co/5P7XnR2fmO";2020-09-13 03:10:00+00:00;18;86;marcjacobs;NYC;https://t.co/QL97SX7SKI;8760395;1257;25604;en
"Kananko and Sakina, Haruka, and Katy and Karen wear HEAVEN by MARC JACOBS

Photographed by Shoichi Aoki of FRUiTS Magazine
Styled by Yosuke Shoji

May 16-18, 2020 in Tokyo, Japan. https://t.co/FFooaaWIpH";2020-09-13 02:57:46+00:00;48;219;marcjacobs;NYC;https://t.co/QL97SX7SKI;8760395;1257;25604;en
"Daisuka wears HEAVEN by MARC JACOBS

Photographed by Shoichi Aoki of FRUiTS Magazine
Styled by Yosuke Shoji

May 16-18, 2020 in Tokyo, Japan.

See the full collection: https://t.co/PSFhebXF8l https://t.co/f2hKZE7Eck";2020-09-12 17:13:35+00:00;9;36;marcjacobs;NYC;https://t.co/QL97SX7SKI;8760395;1257;25604;en
"Friends of HEAVEN captured in Tokyo by Shoichi Aoki, founder of the Japanese street style bible FRUiTS. The cast features Tokyo creatives designer Yoon Ambush, photographer Gin Satoh, owner of Big Love Records Haruka and more.

Photographed by Shoichi Aoki
Styled by Yosuke Shoji https://t.co/zt6JZltzZJ";2020-09-12 17:02:01+00:00;15;86;marcjacobs;NYC;https://t.co/QL97SX7SKI;8760395;1257;25604;en
"üíï HEAVEN by MARC JACOBS üíï

Dominique wears the Crazy Daisy Striped Sweater, the Tiny Teddy Collared Shirt and the Bubble Logo Baby Tee.

Photographed by¬†Ryan McGinley

August 5, 2020 in New York City.";2020-09-10 22:30:00+00:00;11;50;marcjacobs;NYC;https://t.co/QL97SX7SKI;8760395;1257;25604;en
"Introducing HEAVEN ‚òÅÔ∏è A new collection by Marc Jacobs.

Sam and Neptunite wear the Peter Pan Pocket Dress, the Duval Mesh Top and the Pleated Skirt.

Photographed by¬†Ryan McGinley

August 5, 2020 in New York City.";2020-09-10 20:29:00+00:00;8;25;marcjacobs;NYC;https://t.co/QL97SX7SKI;8760395;1257;25604;en
"‚òÅÔ∏è Welcome to HEAVEN ‚òÅÔ∏è

Neptunite, Dominique and Sam wear HEAVEN by MARC JACOBS.

Photographed by¬†Ryan McGinley, longtime collaborator and star of the Marc Jacobs Men‚Äôs Spring 2009 campaign.

August 5, 2020 in New York City.";2020-09-10 20:02:55+00:00;7;33;marcjacobs;NYC;https://t.co/QL97SX7SKI;8760395;1257;25604;en
"Introducing HEAVEN by MARC JACOBS.

Vegyn wears the Froggy Work Shirt.

Photographed by Larissa Hofmann
Styled by Danielle Emerson

September 2, 2020 in London, England.";2020-09-09 18:00:00+00:00;11;120;marcjacobs;NYC;https://t.co/QL97SX7SKI;8760395;1257;25604;en
"Introducing HEAVEN by MARC JACOBS.

Lily wears the Frog Footsteps Long-Sleeve Tee and the Techno Floral Pleated Skirt.

Photographed by¬†Larissa Hofmann
Styled by¬†Danielle Emerson

September 2, 2020 in London, England.";2020-09-09 17:26:49+00:00;9;43;marcjacobs;NYC;https://t.co/QL97SX7SKI;8760395;1257;25604;en
"Introducing HEAVEN by MARC JACOBS.

Available now at https://t.co/lPefBl9Fnu and all Marc Jacobs stores.

Iris¬†wears the Double-Headed Teddy Backpack and the Pleated Skirt.

Photographed by¬†Larissa Hofmann
Styled by¬†Danielle Emerson

September 2, 2020 in London, England.";2020-09-09 17:10:26+00:00;10;41;marcjacobs;NYC;https://t.co/QL97SX7SKI;8760395;1257;25604;en
"Welcome to HEAVEN ‚òÅÔ∏è A new collection by MARC JACOBS.

HEAVEN is the gateway into our universe of subversion: teenage daydreams, alienation nation, candy ravers, psychedelic fantasia and day-glo dystopia.

Available now at https://t.co/lPefBl9Fnu and all Marc Jacobs stores. https://t.co/PCRCZ1wIxD";2020-09-09 12:28:11+00:00;11;61;marcjacobs;NYC;https://t.co/QL97SX7SKI;8760395;1257;25604;en
"Marc Jacobs and friends for Harper's Bazaar, March 2007
 
Photographed by William Klein https://t.co/7XMj1PkykA";2020-09-09 00:56:15+00:00;13;81;marcjacobs;NYC;https://t.co/QL97SX7SKI;8760395;1257;25604;en
"Skate decks featuring archival Juergen Teller campaign images, 2010

M.I.A for Marc by Marc Jacobs Spring 2008
Stephanie Seymour for RUNWAY FALL 2001 MARC JACOBS
Lisa Marie for RUNWAY SPRING 2000 MARC JACOBS
Kate Moss for RUNWAY FALL 2000 MARC JACOBS https://t.co/jDDOnWHibo";2020-09-08 17:54:17+00:00;16;72;marcjacobs;NYC;https://t.co/QL97SX7SKI;8760395;1257;25604;en
"Yara Shahidi wears RUNWAY FALL 2020 MARC JACOBS for Harper's Bazaar Arabia.

Photographed by Greg Swales
Styled by Jason Bolden https://t.co/3nswQTnqay";2020-09-08 13:06:14+00:00;29;210;marcjacobs;NYC;https://t.co/QL97SX7SKI;8760395;1257;25604;en
"Akon Changkou, Alek Wek and Toni Smith wear RUNWAY FALL 2020 MARC JACOBS for Vogue Magazine.

Photographed by John Edmonds
Styled by Carlos Nazario https://t.co/fLdvE3RHqe";2020-09-08 00:36:58+00:00;20;91;marcjacobs;NYC;https://t.co/QL97SX7SKI;8760395;1257;25604;en
"Marc wears THE Workwear Jacket and THE Painter Pant from our limited-edition collaboration with Stan Ray.

September 4, 2020 in Rye, New York.";2020-09-08 00:33:43+00:00;8;69;marcjacobs;NYC;https://t.co/QL97SX7SKI;8760395;1257;25604;en
"Marc closes the RUNWAY FALL 2001 MARC JACOBS show.

February 13, 2001 in New York City. https://t.co/SxF7BsamJY";2020-09-07 13:35:04+00:00;20;160;marcjacobs;NYC;https://t.co/QL97SX7SKI;8760395;1257;25604;en
"Patrick for Marc by Marc Jacobs Fall 2004.

Photographed by Juergen Teller. https://t.co/NJnEhdTX8Q";2020-09-05 15:49:45+00:00;12;84;marcjacobs;NYC;https://t.co/QL97SX7SKI;8760395;1257;25604;en
"FRUiTS archival issues featuring Marc Jacobs.

FRUiTS is the legendary Japanese street style bible, founded by Shoichi Aoki in 1997. Devoted to chronicling the budding fashion subcultures of Tokyo, FRUiTS has long served as a beacon of inspiration to designers and stylists. https://t.co/yqwnovvWZz";2020-09-05 01:28:39+00:00;14;106;marcjacobs;NYC;https://t.co/QL97SX7SKI;8760395;1257;25604;en
